页码,微博id,微博作者,发布时间,微博内容,转发数,评论数,点赞数
1,4829949250767390,奏耐天津,2022-10-29 16:45:00,【返津后不报备，造成重大疫情传播风险，被立案！】2022年10月28日，滨海新区新增1例新冠肺炎阳性感染者，该人姜某某（女，36岁），于23日-25日曾到访河北省沧州市明珠商贸城，乘火车返津后未及时向社区进行报备。10月27日起，河北省沧州市明珠商贸城划定为高风险区，姜某某在明知自己有疫情中高风险地区旅居史的情况下，未严格履行“七天三不”等疫情防疫责任，返津后，仍出入饭店、商场、市场等人员密集场所。10月27日市疫情防控指挥部发布郑重提示后，姜某某在10月28日早晨出现咽痛等症状的情况下，仍未及时向社区报备相关情况，故意隐瞒涉疫重点场所旅居史，造成重大疫情传播风险，导致多点、多人被管控、隔离等严重后果。根据《中华人民共和国传染病防治法》，姜某某的行为，违反疫情防控规定，公安机关已开展调查，将依法追究责任。疫情防控，关乎你我，落实“四方责任”至关重要。在此提醒广大市民群众密切关注疫情防控信息，做好个人防护，戴口罩、勤洗手、常通风、不聚集，保持安全社交距离，配合做好公共场所测温、验码，做到疫情防控意识和健康行为不放松。外省市来返滨人员要严格执行各项防疫政策，提前做好行程规划，并向社区、单位或住宿宾馆等主动报备，严格落实“落地检”和“七天三不”防疫要求，抵津7日内不聚餐、不聚会、不前往人员密集场所。滨海新区疫情防控指挥部2022年10月29日,14,140,616
1,4829954497840865,庄时利和,2022-10-29 17:05:51,东京不同年龄段各剂次的疫苗接种率。目前日本新冠疫苗接种年龄已下探至6个月，不过重点保障的还是高龄人群的接种，因为老年人仍然是受新冠威胁最大的群体，并且日本也是一个老龄化十分严重的国家。截至10月27日，东京80岁以上老年人完成第三针接种的比例已经超过90%，完成第四针的也已经达到80%。#庄医生的疫情笔记##微博新知博主#,16,31,117
1,4829933387909697,搜狐新闻,2022-10-29 15:41:58,【呼和浩特：对新冠患者家中床品、冰箱内部分食品等按照医疗废物处理】10月29日，记者从呼和浩特新冠肺炎疫情防控新闻发布会上获悉，呼和浩特市有关部门对患者住宅内开展空气消毒，物品消毒的同时，对病人居住卧室内的床品，冰箱内不宜消毒的冷冻食品和冷藏开封食品等按照医疗废物处理，并对冰箱内外部进行全面消毒。“病人用过的床品是病毒最易藏匿的地方，空气和物表消毒不能完全将其彻底杀灭，经专家研判，作为医疗废物处置是目前安全且符合实际的处理方法。”截至10月28日24时，呼和浩特市现有确诊病例260例、无症状感染者1952例。更多详细内容请查看原文>>网页链接,2467,946,22135
1,4829962496379624,德州小吃迷,2022-10-29 17:37:38,#德州疫情# 静默第二天，我突然很想喝可乐 ,0,0,0
1,4829962488779056,李晋晔在逃女友呀,2022-10-29 17:37:36,西华师大你就是我的神#西华师范大学##疫情##南充疫情#南充·西华师范大学,0,1,0
1,4829962479341126,shadow_asdf,2022-10-29 17:37:34,#疫情#啥时候能结束！！！祝你平安，也祝我又肥了一圈明天起我自由了,0,0,0
1,4829962475929670,寿司鱿鱼卷,2022-10-29 17:37:32,#广州疫情# 管了这么久越管越严重？谢谢啊 大学生喜提封校 真是太开心了 感恩！ ,0,0,0
1,4829962450501788,MiracleLTW,2022-10-29 17:37:26,三年了，出于好奇问一下。如果没有疫情，2019年到现在的大家都会在做什么呢，生活和现在的有哪些差别呢？可以畅想一下吗（越具体越好的那种） ,0,0,0
1,4829962449721534,费城的猫0,2022-10-29 17:37:27,#疫情# 相信这次能成行老天保佑吧🙏🙏🙏 ,0,0,0
1,4829962437139449,是菲仔呀呀呀,2022-10-29 17:37:24,好羡慕我女儿的生活，最大的烦恼是晚上没玩够就让睡觉，最开心的事就是疫情不用去幼儿园。所以生活什么时候能恢复正常，我想买东西 ,0,0,0
1,4829962429267982,都市报道,2022-10-29 17:37:21,西华师大你就是我的神#西华师范大学##疫情##南充疫情#南充·西华师范大学,0,0,0
1,4829962353253013,抱抱抱米发,2022-10-29 17:37:04,#郑州疫情# ,0,0,0
1,4829962350104553,没有过去-亦无未来,2022-10-29 17:37:03,#疫情#啥时候能结束！！！祝你平安，也祝我又肥了一圈明天起我自由了,0,0,0
2,4829962429267982,都市报道,2022-10-29 17:37:21,#蓝v视界#【“空投”送物资解决燃眉急】10月21日，郑州疫情期间，郑东新区博学路办事处后贾东街社区为给小区居民们提供正常的生活保障，联合相关物业工作人员采购了七千斤大白菜和一千三百份的蔬菜包，为居民们发放生活物资。社区和物业的行动，小区居民们都看在眼里记在心里，而这些生活物资，温暖的不仅仅是居民们的胃，更是居民们的心。都市报道的微博视频,0,0,0
2,4829962387325833,wangpingting,2022-10-29 17:37:11,今天下午的时候社区工作人员和小区楼下卖菜、买菜的人吵起来了隔着窗户听好像是因为疫情原因不让买菜的聚集也不让卖菜的出门进货流动了正是中午吃饭需要买菜的时候要把菜摊关了然后我去阳台打开窗户准备认真听一下的时候一抬头发现对面那栋楼每一层每一个窗户口都有一个趴在那看热闹的人头哈哈那个场面真的太搞笑了看来大家被封的都可无聊啊,0,0,0
2,4829962353253013,抱抱抱米发,2022-10-29 17:37:04,#郑州疫情#,0,0,0
2,4829962350104553,没有过去-亦无未来,2022-10-29 17:37:03,#郑州疫情#,0,0,0
2,4829962336999186,呼和浩特晚报,2022-10-29 17:37:00,【我市现有确诊病例260例、无症状感染者1952例】发布会上了解到，2022年10月28日0时—24时，我市新增新冠肺炎确诊病例5例、无症状感染者62例，确诊病例治愈出院8例，解除医学观察无症状感染者53例。截至10月28日24时，我市现有确诊病例260例、无症状感染者1952例。#众志成城坚决打赢疫情防控阻击战##内蒙古抗疫#,0,0,0
2,4829957185863685,Lsvy1222,2022-10-29 17:16:31,#郑州疫情#郑州几万人确诊是真的吗,1,8,12
2,4829962316286394,麦田蜘蛛灬,2022-10-29 17:36:55,#大同疫情#封到今天，我的心态已经从好耶不用上班不用考试了的状态演变到现成现在的快点解封，在家呆着好无聊也好不方便啊。。。我真的万万没想到我家最先缺的不是菜，是洗碟精 ,0,0,0
2,4829962312355993,广东台触电新闻,2022-10-29 17:36:54,【我市现有确诊病例260例、无症状感染者1952例】发布会上了解到，2022年10月28日0时—24时，我市新增新冠肺炎确诊病例5例、无症状感染者62例，确诊病例治愈出院8例，解除医学观察无症状感染者53例。截至10月28日24时，我市现有确诊病例260例、无症状感染者1952例。#众志成城坚决打赢疫情防控阻击战##内蒙古抗疫#,0,0,0
2,4829962287449935,任城融媒,2022-10-29 17:36:48,疫情防控专家谈｜办公场所防疫要点 任城融媒的微博视频 ,0,0,0
2,4829962266480930,YuingYang_,2022-10-29 17:36:43,疫情输出技能之还活着 ,0,0,0
3,4829962152446033,煮了袋速食面,2022-10-29 17:36:16,#合肥疫情# 我想吃火锅 烤肉 等一系列垃圾食品 ,0,0,0
3,4829962119416410,勤快的小牧川,2022-10-29 17:36:08,【疫情防控有感】中心街区变冷清，宽阔路面少人行。居家躲避防黄码，核酸检测查行踪。手机短信警示鸣，提醒注意显真情。但愿疫情早日去，努力过后天更明。广州·广州铂金酒店公寓,0,0,0
3,4829962101853772,xsj-nice,2022-10-29 17:36:04,啥时侯才能解封……啊啊啊啊啊啊啊啊啊啊啊啊啊啊啊啊啊啊#郑州疫情#郑州,0,0,2
3,4829962085862846,Hero-猫-,2022-10-29 17:36:00,#郑州疫情#  啥时候是个头啥时候能自由 ,0,0,0
3,4829962084813609,sher16951,2022-10-29 17:36:00,#邵阳疫情# 已经严重到建好几个方舱还需要征用学校当隔离点的地步了😭 ,0,1,0
3,4829962080617935,猫的树不是我的你,2022-10-29 17:35:59,一叶红知天下秋#洛阳身边事##洛阳疫情##洛阳城事##洛阳##16小时爱上洛阳# 洛阳·万安山山顶公园 ,0,1,0
3,4829959199654505,广州交通电台,2022-10-29 17:24:32,【疫情防控有感】中心街区变冷清，宽阔路面少人行。居家躲避防黄码，核酸检测查行踪。手机短信警示鸣，提醒注意显真情。但愿疫情早日去，努力过后天更明。广州·广州铂金酒店公寓,1,10,11
3,4829962035531530,小锅不是郭,2022-10-29 17:35:48,闽南菜真的很好吃诶这家店还放着闽南语歌好像在福建吃饭一样 哈哈哈疫情之后终于喝上CHARLIETOWN了 ,0,0,0
3,4829962014559491,keloids,2022-10-29 17:35:43,生命价更高 到低是谁的命价高啊#郑州疫情# ,0,0,0
4,4829962035531530,小锅不是郭,2022-10-29 17:35:48,闽南菜真的很好吃诶这家店还放着闽南语歌好像在福建吃饭一样 哈哈哈疫情之后终于喝上CHARLIETOWN了 ,0,0,0
4,4829962014559491,keloids,2022-10-29 17:35:43,生命价更高到低是谁的命价高啊#郑州疫情#,0,0,0
4,4829962014034932,福州生态环境,2022-10-29 17:35:43,#环保战疫##福州疫情#10月28日，福州市生态环境局党组书记、局长林从宇通过视频调度肺科医院、晋安医院、仓山全季酒店、扣扣时尚酒店的涉疫废水和涉疫垃圾的处理情况，要求加强管理，确保废水余氯达标、医废收集转移规范，同时做好个人防护。,0,0,0
4,4829962000929967,刚仔MrMr,2022-10-29 17:35:40,野竹生长、便是奇迹。小朋友谈梦想、成年人谈生存、但是生存也得出去才能生存啊！#兰州疫情# ,0,0,1
4,4829957596907543,楊培安RogerYang,2022-10-29 17:18:10,#拉萨疫情防控##新疆乌鲁木齐疫情##西宁疫情防控# 「我們堅持人民至上！生命至上！」✊ 台湾·台北 ,0,5,15
4,4829961875100461,Rachel616,2022-10-29 17:35:10,今天请了驻唱歌手，在唱你最珍贵，售楼部因为疫情都没人了我坐在台下，要哭了，呜呜呜呜呜呜呜呜呜呜呜呜呜呜呜呜呜呜呜呜呜呜市场你不要这样对我 ,0,0,0
4,4829961875097218,·沐叶·,2022-10-29 17:35:10,第18天，今天吃了方便面+手抓饼，手抓饼糊了，小区查出来4🐏，在不同楼很不幸我这楼也有。不知道昨天我买的速冻食品和蔬菜还能收到吗郑州疫情#郑州疫情# ,0,1,0
4,4829961842330184,默陌Jay,2022-10-29 17:35:02,#哈尔滨疫情#月末月初疫情，月中恢复，让我想到了生理期和安全期的存在，也真准 ,0,5,1
4,4829955710255352,福州头条,2022-10-29 17:10:40,生命价更高到低是谁的命价高啊#郑州疫情#,3,8,12
4,4829961830007661,苹果果子25,2022-10-29 17:34:59,#合肥疫情# 孩子们啥时候开学 呀 ,0,0,0
5,4829962014034932,福州生态环境,2022-10-29 17:35:43,#环保战疫##福州疫情# 10月28日，福州市生态环境局党组书记、局长林从宇通过视频调度肺科医院、晋安医院、仓山全季酒店、扣扣时尚酒店的涉疫废水和涉疫垃圾的处理情况，要求加强管理，确保废水余氯达标、医废收集转移规范，同时做好个人防护。 ,0,0,0
5,4829962000929967,刚仔MrMr,2022-10-29 17:35:40,野竹生长、便是奇迹。小朋友谈梦想、成年人谈生存、但是生存也得出去才能生存啊！#兰州疫情#,0,0,1
5,4829953901723674,广州日报,2022-10-29 17:03:28,【直播：广州市疫情防控新闻发布会】10月29日，广州市人民政府新闻办公室召开广州市疫情防控新闻发布会，邀请市卫生健康委、天河区、白云区、市疾控中心的相关负责同志通报广州市新冠肺炎疫情防控相关情况。（广州日报·新花城记者：方晴、张青梅、王燕）  广州日报的微博直播 ,2,1,29
5,4829957596907543,楊培安RogerYang,2022-10-29 17:18:10,#拉萨疫情防控##新疆乌鲁木齐疫情##西宁疫情防控# 「我們堅持人民至上！生命至上！」✊ 台湾·台北 ,0,5,15
5,4829961955839198,好幸运的娘口三三啊,2022-10-29 17:35:29,封控第四天百合和六出还开着超级无敌健康的炒菜因为疫情，我过上了近几年最健康的生活 ,0,0,0
5,4829961942996322,员通YunTong,2022-10-29 17:35:26,#运城##疫情##防控##解封不等于解防#  再挂两天ing当下，有木有朋友想来个陌生闲聊的？？？151 1623 1241（微信同步）   运城 ,0,1,0
5,4829961942730848,善思博学,2022-10-29 17:35:26,大长葛#郑州##新冠肺炎##郑州疫情# ,0,0,6
5,4829961883486549,孩子最近有点犯傻,2022-10-29 17:35:12,#研究发现越上网越不爱生孩子#这有什么因果关系啊上网和孩子之间可能会有一点点相关性，可能看到的关注的负面消息多了，所以会有顾虑罢了但是，也只是有一丢丢的关联而已啊，又构不成完全的因果关系天天研究这，不如研究一下怎么让疫情结束啊 ,0,1,2
5,4829961875097218,·沐叶·,2022-10-29 17:35:10,第18天，今天吃了方便面+手抓饼，手抓饼糊了，小区查出来4🐏，在不同楼很不幸我这楼也有。不知道昨天我买的速冻食品和蔬菜还能收到吗郑州疫情#郑州疫情# ,0,1,0
5,4829961855438262,兔滚儿,2022-10-29 17:35:05,#武汉疫情#速度，席位不多了 武汉 ,0,0,0
6,4829961549250791,小杏星子,2022-10-29 17:33:51,这两周很累很忙，忙着抗疫🦠忙着当志愿者完美结束东兴街道四轮全员核酸！！我们终将战胜疫情！🙏揭阳加油！   揭阳·淡浦社区党群服务中心 ,0,0,0
6,4829957706751919,南京摩天汉,2022-10-29 17:18:36,不至钟山，怎能感受金陵秋日之美？#南京疫情##enjoynanjing#南京·钟山风景名胜区明孝陵景区,3,3,25
6,4829961528284814,川崎BGM2号,2022-10-29 17:33:47,南京太难了疫情在吃紧阶段，金盛百货今天烧了一天，朋友圈有个认识的店主站在马路对面，活生生看见自家仓库被烧光了……好难，好难，大家太难了 ,0,2,4
6,4829961497609375,Fool妹阿,2022-10-29 17:33:39,只能说这几天长不肥饿不死…万物皆可做！#疫情##生活碎片##随手拍# 加油！郑州！我们还能挺住！   郑州 ,0,1,1
6,4829961485553719,i-你笑起来真好看,2022-10-29 17:33:37,#郑州疫情#第16天 ,0,0,0
6,4829961476638243,Yssqqi_,2022-10-29 17:33:35,我草了这个疫情 ,0,0,0
6,4829961468511126,是彭彭诶,2022-10-29 17:33:33,#鄢陵疫情##河南疫情##河南疫情防控# 致“亲爱的”大河南就这几个新增，你们慌什么大家都很好，河南下面的不管哪个城镇，疫情都不严重，继续维持“感恩”有你们呢 ,0,0,0
6,4829961423165401,xoxweoo,2022-10-29 17:33:22,每天一问：我真的需要这份工作吗/疫情啥时候是个头刚开始上班的时候还会用气垫打个底现在：这个世界已经没有我在意的人了 ,0,0,0
6,4829961419227217,贝TT拉,2022-10-29 17:33:20,昨天幼儿园跳绳进第6名，很开心，所有的收获都是努力付出换来的，一个月跳绳比赛争取保持今天幼小衔接看图说话主动举手发言，被老师给予3🌟，每次被表扬都特别开心，距离小区解封还有4天，愿疫情早点过去 南京 ,0,0,0
6,4829961406645995,祸决,2022-10-29 17:33:18,不至钟山，怎能感受金陵秋日之美？#南京疫情##enjoynanjing#南京·钟山风景名胜区明孝陵景区,0,1,0
7,4829961392755581,哲世宇界,2022-10-29 17:33:15,#南京疫情# 不理解了，为啥区域封控要把公共核酸点给停了？让不住小区的人咋办？@南京发布 ,0,2,0
7,4829958788877959,萧逸的小苏ovo,2022-10-29 17:22:54,#广州疫情#日增139但复课牛的,0,2,14
7,4829948176762260,苏格拉底9893,2022-10-29 16:40:44,#网曝郑州富士康疫情现状#梦回河南1942苏格拉底9893的微博视频,3,4,99
7,4829961339276562,福州广播电视台交通之声,2022-10-29 17:33:02,【福州：本轮累计报告“5+410”！】截至28日24点，本轮疫情福州市累计报告无症状感染者410例，确诊病例5例，当日新增82例，全市划定高风险区2个，中风险区48个。刚刚，福州召开新闻发布会，通报疫情防控最新情况#疫情防控# via福州日报 ,0,0,0
7,4829948559494721,五好青年张皓皓,2022-10-29 16:42:15,#广州疫情#日增139但复课牛的,0,9,12
7,4829961304673524,棒棒的种花兔,2022-10-29 17:32:54,#西安疫情#明天是不是要全市全员核酸鸭？求告知 ,0,1,0
7,4829961301788764,自由幻想家yu,2022-10-29 17:32:53,#河南疫情#tnnd 现在到底是什么情况 啥都不知道了属于是只知道家里不让出大门好多天了 ,0,0,0
7,4829961293142330,懒惰揪咪兔,2022-10-29 17:32:51,#白云区疫情#笑死人，我和朋友住二路，他一直在二路就还是绿码，而我只是去隔壁三路剃了个头发，回来就黄码了，不懂就问，意义在哪里 ,0,1,0
7,4829961280559980,小怡姐姐ovo,2022-10-29 17:32:48,什莫时候回家呀，行李收拾好啦@内蒙古财经大学 #呼和浩特疫情# ,0,0,0
7,4829961263776024,河南新闻广播,2022-10-29 17:32:43,【疫情之下，如何保证线上教学质量？】受本轮疫情影响，郑州市各中小学开展线上教学已经两周多的时间。为保证线上教学质量，学校都采取了哪些措施？家长们又该如何做好配合呢？来看看郑州市第七初级中学教育发展中心主任魏丽丽的介绍。（大象新闻·河南新闻广播记者 成书丽） 河南新闻广播的微博视频 ,0,0,0
8,4829961392755581,哲世宇界,2022-10-29 17:33:15,#南京疫情# 不理解了，为啥区域封控要把公共核酸点给停了？让不住小区的人咋办？@南京发布 ,0,2,0
8,4829958788877959,萧逸的小苏ovo,2022-10-29 17:22:54,#广州疫情#日增139但复课牛的,0,2,14
8,4829948176762260,苏格拉底9893,2022-10-29 16:40:44,#网曝郑州富士康疫情现状#梦回河南1942苏格拉底9893的微博视频,3,4,99
8,4829961339276562,福州广播电视台交通之声,2022-10-29 17:33:02,【福州：本轮累计报告“5+410”！】截至28日24点，本轮疫情福州市累计报告无症状感染者410例，确诊病例5例，当日新增82例，全市划定高风险区2个，中风险区48个。刚刚，福州召开新闻发布会，通报疫情防控最新情况#疫情防控#via福州日报,0,0,0
8,4829948559494721,五好青年张皓皓,2022-10-29 16:42:15,#广州疫情#日增139但复课牛的,0,9,12
8,4829961304673524,棒棒的种花兔,2022-10-29 17:32:54,#西安疫情#明天是不是要全市全员核酸鸭？求告知 ,0,2,0
8,4829961301788764,自由幻想家yu,2022-10-29 17:32:53,#河南疫情#tnnd 现在到底是什么情况 啥都不知道了属于是只知道家里不让出大门好多天了 ,0,0,0
8,4829961293142330,懒惰揪咪兔,2022-10-29 17:32:51,#白云区疫情#笑死人，我和朋友住二路，他一直在二路就还是绿码，而我只是去隔壁三路剃了个头发，回来就黄码了，不懂就问，意义在哪里 ,0,1,0
8,4829961288422791,小小顶梁柱-,2022-10-29 17:32:50,#网曝郑州富士康疫情现状#梦回河南1942苏格拉底9893的微博视频,0,0,0
8,4829961280559980,小怡姐姐ovo,2022-10-29 17:32:48,什莫时候回家呀，行李收拾好啦@内蒙古财经大学 #呼和浩特疫情# ,0,0,0
9,4829961423165401,xoxweoo,2022-10-29 17:33:22,每天一问：我真的需要这份工作吗/疫情啥时候是个头刚开始上班的时候还会用气垫打个底现在：这个世界已经没有我在意的人了,0,0,0
9,4829961419227217,贝TT拉,2022-10-29 17:33:20,昨天幼儿园跳绳进第6名，很开心，所有的收获都是努力付出换来的，一个月跳绳比赛争取保持今天幼小衔接看图说话主动举手发言，被老师给予3🌟，每次被表扬都特别开心，距离小区解封还有4天，愿疫情早点过去南京,0,0,0
9,4829961406645995,祸决,2022-10-29 17:33:18,和我几个游戏搭子认识的很偶然我跟精神小伙（苑某）和浊酒哥是同时认识的当时疫情期间在家发了个匹配召集当时一起玩的另外两个人是谁我都不记得了然后他们两个进来了就这么认识了后面又认识了小伙的同学小潘哥认识他们的时候他们才初中生现在上高一了不能经常一起玩了一放假回来还是会找我啊哈哈哈哈哈我也算是贯穿他们青春的游戏搭子了~o(〃'▽'〃)o,0,1,0
9,4829961392755581,哲世宇界,2022-10-29 17:33:15,#南京疫情# 不理解了，为啥区域封控要把公共核酸点给停了？让不住小区的人咋办？@南京发布 ,0,2,0
9,4829958788877959,萧逸的小苏ovo,2022-10-29 17:22:54,#广州疫情#日增139 但复课 牛的 ,0,2,14
9,4829948176762260,苏格拉底9893,2022-10-29 16:40:44,#网曝郑州富士康疫情现状#梦回河南1942 苏格拉底9893的微博视频 ,3,4,99
9,4829961339276562,福州广播电视台交通之声,2022-10-29 17:33:02,【福州：本轮累计报告“5+410”！】截至28日24点，本轮疫情福州市累计报告无症状感染者410例，确诊病例5例，当日新增82例，全市划定高风险区2个，中风险区48个。刚刚，福州召开新闻发布会，通报疫情防控最新情况#疫情防控# via福州日报 ,0,0,0
9,4829948559494721,五好青年张皓皓,2022-10-29 16:42:15,昨天幼儿园跳绳进第6名，很开心，所有的收获都是努力付出换来的，一个月跳绳比赛争取保持今天幼小衔接看图说话主动举手发言，被老师给予3🌟，每次被表扬都特别开心，距离小区解封还有4天，愿疫情早点过去南京,0,10,12
9,4829961309394684,桐桐飞飞,2022-10-29 17:32:55,因为城市相隔甚远，我和姥爷相处的时间实在不多，但是这不妨碍老人家一直都是我心中最敬重的长辈。这几年的疫情，让家族聚会成为了奢望，小家伙还没见过太姥爷，却没想到从今往后，这会成为我们一辈子的遗憾。姥爷，一路走好！愿另一个世界一切安好，下辈子还想做您的外孙女🙏🙏🙏 ,0,0,0
9,4829961304673524,棒棒的种花兔,2022-10-29 17:32:54,#西安疫情#明天是不是要全市全员核酸鸭？求告知 ,0,2,0
10,4829953016734024,哥哥嫁我吗,2022-10-29 16:59:58,#郑州疫情#科幻的让我觉得不是2022年 ,1,3,15
10,4829961074248813,肇庆发布,2022-10-29 17:31:59,【案例警示！这些人违反疫情防控，被处罚了】案例警示！这些人违反疫情防控，被处罚了,0,0,0
10,4829961049604193,阿童木的心上人-,2022-10-29 17:31:52,疫情让我们感受苦难，体会到人生百态，让我们更加真实地感受到，明天和意外，你永远不知道哪一个先来! 全国各地疫情爆发，捐款捐物遵医爱医是善;做好自己的本分，守住善念的底线，真诚待人助人为乐也是善。 ,0,0,0
10,4829961032309230,Liisliya,2022-10-29 17:31:49,因为疫情 我今晚错过了有可能是我此生能参加的最有趣最有sense的婚礼 也见不到许久未见的新娘子damn刚加完班的我现在在爬山泄愤 ,0,0,0
10,4829961007927607,桃叻个桃,2022-10-29 17:31:43,#合肥疫情# 合肥·东方名邸 ,0,2,0
10,4829960998490836,ANUENG-,2022-10-29 17:31:41,#广饶疫情#什么时候能解封啊 ,0,0,1
10,4829960936097850,真的生气了_,2022-10-29 17:31:26,#哈尔滨疫情防控##哈尔滨疫情# 友友们，哈站目前还是正常出行吧？刚才看新公布的病例活动轨迹发现有哈站，我明天要在哈站中转换乘去天津呀，有绿码和核酸就能正常出行吧 ,0,1,0
10,4829960931379543,Vector数字,2022-10-29 17:31:25,#郑州疫情#只能我说好，不能你们说不敢 ,0,0,0
10,4829960918794385,福州气象,2022-10-29 17:31:21,#深秋里的诗意中国#【#云南迪庆秋色美如油画#】深秋时节，云南省迪庆藏族自治州色彩斑斓，景色优美。希望疫情早日结束，一起去欣赏祖国的大美河山。via:新华社 福州气象的微博视频 ,0,0,0
10,4829954497840865,庄时利和,2022-10-29 17:05:51,【案例警示！这些人违反疫情防控，被处罚了】案例警示！这些人违反疫情防控，被处罚了,17,32,118
11,4829961468511126,是彭彭诶,2022-10-29 17:33:33,#鄢陵疫情##河南疫情##河南疫情防控# 致“亲爱的”大河南就这几个新增，你们慌什么大家都很好，河南下面的不管哪个城镇，疫情都不严重，继续维持“感恩”有你们呢 ,0,0,0
11,4829961452260866,爱吃橙子的星星-,2022-10-29 17:33:29,2022.10.29封控第六天：//疫情是如此之近啊。,0,0,0
11,4829961423165401,xoxweoo,2022-10-29 17:33:22,每天一问：我真的需要这份工作吗/疫情啥时候是个头刚开始上班的时候还会用气垫打个底现在：这个世界已经没有我在意的人了,0,0,0
11,4829961419227217,贝TT拉,2022-10-29 17:33:20,昨天幼儿园跳绳进第6名，很开心，所有的收获都是努力付出换来的，一个月跳绳比赛争取保持今天幼小衔接看图说话主动举手发言，被老师给予3🌟，每次被表扬都特别开心，距离小区解封还有4天，愿疫情早点过去 南京 ,0,0,0
11,4829961406645995,祸决,2022-10-29 17:33:18,2022.10.29封控第六天：//疫情是如此之近啊。,0,1,0
11,4829961392755581,哲世宇界,2022-10-29 17:33:15,#南京疫情# 不理解了，为啥区域封控要把公共核酸点给停了？让不住小区的人咋办？@南京发布 ,0,2,0
11,4829958788877959,萧逸的小苏ovo,2022-10-29 17:22:54,#广州疫情#日增139 但复课 牛的 ,0,2,14
11,4829961339276562,福州广播电视台交通之声,2022-10-29 17:33:02,【福州：本轮累计报告“5+410”！】截至28日24点，本轮疫情福州市累计报告无症状感染者410例，确诊病例5例，当日新增82例，全市划定高风险区2个，中风险区48个。刚刚，福州召开新闻发布会，通报疫情防控最新情况#疫情防控# via福州日报 ,0,0,0
11,4829961309394684,桐桐飞飞,2022-10-29 17:32:55,因为城市相隔甚远，我和姥爷相处的时间实在不多，但是这不妨碍老人家一直都是我心中最敬重的长辈。这几年的疫情，让家族聚会成为了奢望，小家伙还没见过太姥爷，却没想到从今往后，这会成为我们一辈子的遗憾。姥爷，一路走好！愿另一个世界一切安好，下辈子还想做您的外孙女🙏🙏🙏 ,0,0,0
12,4829954497840865,庄时利和,2022-10-29 17:05:51,东京不同年龄段各剂次的疫苗接种率。目前日本新冠疫苗接种年龄已下探至6个月，不过重点保障的还是高龄人群的接种，因为老年人仍然是受新冠威胁最大的群体，并且日本也是一个老龄化十分严重的国家。截至10月27日，东京80岁以上老年人完成第三针接种的比例已经超过90%，完成第四针的也已经达到80%。#庄医生的疫情笔记##微博新知博主#,17,32,118
12,4829960890484723,江苏统计,2022-10-29 17:31:15,#数据发布#【前三季度江苏经济成绩单发布！经济回稳向好基础更加稳固】前三季度，面对错综复杂的国际形势和国内疫情多点散发、极端高温天气等多重超预期考验，全省上下认真贯彻落实“疫情要防住、经济要稳住、发展要安全”的重大要求，坚决担起“勇挑大梁”的重大责任，加快推进稳经济一揽子政策措施全面落地、充分显效，全省经济进一步回稳向好。根据地区生产总值统一核算结果，前三季度全省实现生产总值88652.7亿元，同比增长2.3%。其中，第一产业增加值2692.1亿元，同比增长3.5%；第二产业增加值40088.5亿元，同比增长2.8%；第三产业增加值45872.1亿元，同比增长1.7%。详情请点击前三季度江苏经济成绩单发布！经济回稳向好基础更加稳固查阅！,0,0,0
12,4829960889434179,那年那日那时那分-,2022-10-29 17:31:14,说说来郑的感受吧22年年初来的郑州，我记得没多久就经历了一次疫情，具体几月份忘记了，当时被封控在家，至少每天可以出去一人采购2个小时！第二次封控是在7月份，当时我属于次密接又被封控，这次是14天，上门核酸，特殊情况不予出去，的亏当时也是有余粮！要不然真是要饿死人的！经历过这两次疫情之后手头的积蓄几乎没有了！就计划解封之后要继续好好工作挣钱，存钱！所谓：手中有粮，心中不慌第三次疫情就是现在！此时此刻！已经被封控在家半个月了，越封控越焦虑！每个月贷款要还，生活要过，可是拿什么继续？？？这个月的任何费用我都没有继续存缴，我们难！企业难！国家难！告诉自己要挺住！要坚持到最后！可是这一天天的我真的是度日如年我爱我自己的国家，相信可以挺过这一关！可是每次报道的个位数的数字需要这么严谨的封控吗？？？,0,0,1
12,4829960865582402,不如你852058,2022-10-29 17:31:09,#锦州疫情# 没抢过大妈们，绿叶的菜一样都没有了，唯一一颗白菜还是我的母上大人给我的。祈祷🙏🏻3天解封！ ,0,0,0
12,4829960861123159,龚文祥,2022-10-29 17:31:08,今天是刘润年度演讲的日子。过去5年中国有5大个人演讲：罗振宇年度演讲，吴晓波年度演讲，刘润年度演讲、吴声年度演讲，龚文祥年度演讲，只有我一个人是面对草根阶层做年度演讲。全中国也只有这5个人有资格有能力做千人年度演讲。其他人都不行。但因为疫情都改到线上了。我的个人年度演讲安排到明年吧,0,1,1
12,4829960839627038,基大队长,2022-10-29 17:31:02,#广州疫情# 摇了摇头 叹了叹气 ,0,6,1
12,4829958851004590,-夜以成星,2022-10-29 17:23:09,来了一辆车卖菜 大家排队买菜 社区来拦着不让买双方吵起来 社区还卖惨怎么享受特权 随意进出 有饭吃饿不死 就看着别人饿死啊 还开始道德绑架 一直说自己怎么辛苦那大家只是想买菜一家几口等着吃饭有错吗xg不会死人防疫会死人#郑州疫情# ,0,5,11
12,4829960830716114,济宁新闻网,2022-10-29 17:31:01,【更济宁 | 手绘防疫漫画 助力疫情防控】 济宁新闻网的微博视频 ,1,1,1
12,4829960822854222,东北向南-,2022-10-29 17:30:59,昨天回来路上，经过一个十字路口时，听到有人哭喊着打电话。第一句是：你为什么这样对我？我以为这是一个失恋故事。第二句是：把你身边的人整掉，对你有什么好处？！这像是职场故事了。想到疫情下经济惨淡很多人丢了工作，好像这个冬天更冷了。 ,0,0,0
12,4829960810009599,关关雎雎在河鸠鸠,2022-10-29 17:30:56,#广州疫情#继22号到今天已满七天换了个地方继续隔环境也不错 ,0,0,0
13,4829960722190576,马思宇al,2022-10-29 17:30:35,我真的爆哭#郑州疫情# ,0,2,2
13,4829960717993571,长酒Tracy,2022-10-29 17:30:34,去年万圣节我扎小辫化全妆去长隆玩一整天今年万圣节我蓬头垢面在宿舍改万圣节pre长隆都闭园了我恨死疫情了😭👊😭👊,0,1,0
13,4829960714062782,Moring-CC,2022-10-29 17:30:33,疫情下的生日，没有堂食没有外卖没有跨区生日蛋糕，一切都靠自己，妈妈的大虾火锅完爆一切火锅店，盒马的瑞士卷也出乎意料的好吃，还有小可爱陪在身边，祝又成长了一岁的自己生日快乐，永远18岁,0,0,0
13,4829960680771196,臭屁啊娘,2022-10-29 17:30:25,有福之州加油😊。看到好漂亮的云#福州疫情# 福州 ,0,0,0
13,4829951737988184,安迪斯晨风,2022-10-29 16:54:53,因为疫情原因，我们的大学班级入学二十周年纪念聚会改为线上进行了。 ,1,9,47
13,4829950849059816,中原阿梓,2022-10-29 16:51:21,#郑州疫情动态#郑州富士康怎么了？1942年，河南人因为饥饿而“逃荒”。2022年，有一群孩子在“逃康”。好心的人们，路上如果遇到这些孩子，请一定要善待他们。他们回家的路，注定会既艰难，而又漫长。最好给他们点吃的喝的，别让他们渴着，饿着，冻着。。 ,14,14,149
13,4829960663205926,广州白云发布,2022-10-29 17:30:21,去年万圣节我扎小辫化全妆去长隆玩一整天今年万圣节我蓬头垢面在宿舍改万圣节pre长隆都闭园了我恨死疫情了😭👊😭👊,0,0,0
13,4829960662943829,蓝田大树,2022-10-29 17:30:21,#网曝郑州富士康疫情现状#为了产能可以牺牲员工健康。真是活脱脱的资本家。上热搜 ,0,0,6
13,4829960643022799,福州广播电视台交通之声,2022-10-29 17:30:16,【福州高新区新增1个中风险区】根据当前福州高新区疫情防控工作需要，按照《新型冠状病毒肺炎防控方案（第九版）》的规定，并经专家组综合研判疫情形势，决定自2022年10月29日10时起，在我区南屿镇划定1个疫情防控中风险区。#疫情防控# via福州高新区新型冠状病毒感染肺炎疫情防控指挥部 ,0,0,0
13,4829960605536240,芝士披萨不会拉丝,2022-10-29 17:30:07,INSTAGRAM STORIES pt.ⅷ本学期疫情大爆发前/封校前/十月最后一次出门玩耍的珍贵影像🏳️🏳️🏳️🏳️🏳️🏳️哈哈 希望这一关不会把我们关到寒假放假 广州 ,0,0,2
14,4829960739492940,爱哭的小孙同学,2022-10-29 17:30:39,给孩子关的会做饭了#临沂疫情# ,0,0,0
14,4829960730576717,dycoooO,2022-10-29 17:30:37,#郑州疫情##洛阳疫情##河南疫情#2022年了真的开始出现大家吃不饱饭的日子了,0,0,6
14,4829960725862751,Ericgugf,2022-10-29 17:30:36,#郑州疫情#为富士康的工人祈祷。 ,2,0,3
14,4829960725859574,新75-81,2022-10-29 17:30:36,如果有人再问媳妇和妈掉水里，你先救哪个？那一定让她先回去问问她妈！疫情期间更要问！ ,0,0,0
14,4829960722190576,马思宇al,2022-10-29 17:30:35,我真的爆哭#郑州疫情# ,0,2,2
14,4829960717993571,长酒Tracy,2022-10-29 17:30:34,去年万圣节我扎小辫化全妆去长隆玩一整天今年万圣节我蓬头垢面在宿舍改万圣节pre长隆都闭园了我恨死疫情了😭 👊 😭 👊 ,0,1,0
14,4829960714062782,Moring-CC,2022-10-29 17:30:33,疫情下的生日，没有堂食没有外卖没有跨区生日蛋糕，一切都靠自己，妈妈的大虾火锅完爆一切火锅店，盒马的瑞士卷也出乎意料的好吃，还有小可爱陪在身边，祝又成长了一岁的自己生日快乐，永远18岁 ,0,0,0
14,4829960680771196,臭屁啊娘,2022-10-29 17:30:25,有福之州加油😊。看到好漂亮的云#福州疫情# 福州 ,0,0,0
14,4829951737988184,安迪斯晨风,2022-10-29 16:54:53,因为疫情原因，我们的大学班级入学二十周年纪念聚会改为线上进行了。 ,1,9,47
15,4829960730576717,dycoooO,2022-10-29 17:30:37,#郑州疫情##洛阳疫情##河南疫情# 2022年了真的开始出现大家吃不饱饭的日子了 ,0,0,6
15,4829960725862751,Ericgugf,2022-10-29 17:30:36,#郑州疫情#为富士康的工人祈祷。,2,0,3
15,4829960725859574,新75-81,2022-10-29 17:30:36,如果有人再问媳妇和妈掉水里，你先救哪个？那一定让她先回去问问她妈！疫情期间更要问！ ,0,0,0
15,4829960722190576,马思宇al,2022-10-29 17:30:35,我真的爆哭#郑州疫情# ,0,2,2
15,4829960717993571,长酒Tracy,2022-10-29 17:30:34,去年万圣节我扎小辫化全妆去长隆玩一整天今年万圣节我蓬头垢面在宿舍改万圣节pre长隆都闭园了我恨死疫情了😭 👊 😭 👊 ,0,1,0
15,4829960714062782,Moring-CC,2022-10-29 17:30:33,疫情下的生日，没有堂食没有外卖没有跨区生日蛋糕，一切都靠自己，妈妈的大虾火锅完爆一切火锅店，盒马的瑞士卷也出乎意料的好吃，还有小可爱陪在身边，祝又成长了一岁的自己生日快乐，永远18岁 ,0,0,0
15,4829960680771196,臭屁啊娘,2022-10-29 17:30:25,有福之州加油😊。看到好漂亮的云#福州疫情# 福州 ,0,0,0
15,4829951737988184,安迪斯晨风,2022-10-29 16:54:53,因为疫情原因，我们的大学班级入学二十周年纪念聚会改为线上进行了。 ,1,9,48
15,4829960663205926,广州白云发布,2022-10-29 17:30:21,#郑州疫情#为富士康的工人祈祷。,0,0,0
16,4829960436976349,肖月亮是啵啵的呀,2022-10-29 17:29:27,好想去澳门，该死的疫情 ,0,0,0
16,4829960433050352,呼和浩特晚报,2022-10-29 17:29:26,【发布会消息｜今日除隔离点、重点人群、高风险区外，其他区域暂不开展核酸检测→】发布会上了解到，根据疫情防控工作安排，为加快实现社会面清零，集中时间和力量把潜在的感染者彻底筛出来、捞干净，把应管的密接次密接等高风险人员及时转出去、管起来，做到应检尽检、应隔尽隔、应收尽收、应治尽治，我市在27日和28日两天进行了第二轮高质量核酸检测。从检出情况看，社会面检出比例在逐步减少，疫情防控成效进一步显现。按照市疫情防控指挥部的安排部署，为全面总结好前几轮核酸检测的经验，及时查漏补缺，确保扎实高效完成好下一轮核酸检测，今日除隔离点、重点人群、高风险区外，其他区域暂不开展核酸检测。#众志成城坚决打赢疫情防控阻击战##内蒙古抗疫#,0,0,0
16,4829960433043025,一只小仙女lv,2022-10-29 17:29:26,#郑州疫情#妈的，突然通知，超市不让开门了又开始抢菜,0,0,1
16,4829960425179399,阿童木的心上人-,2022-10-29 17:29:24,【发布会消息｜今日除隔离点、重点人群、高风险区外，其他区域暂不开展核酸检测→】发布会上了解到，根据疫情防控工作安排，为加快实现社会面清零，集中时间和力量把潜在的感染者彻底筛出来、捞干净，把应管的密接次密接等高风险人员及时转出去、管起来，做到应检尽检、应隔尽隔、应收尽收、应治尽治，我市在27日和28日两天进行了第二轮高质量核酸检测。从检出情况看，社会面检出比例在逐步减少，疫情防控成效进一步显现。按照市疫情防控指挥部的安排部署，为全面总结好前几轮核酸检测的经验，及时查漏补缺，确保扎实高效完成好下一轮核酸检测，今日除隔离点、重点人群、高风险区外，其他区域暂不开展核酸检测。#众志成城坚决打赢疫情防控阻击战##内蒙古抗疫#,0,0,0
16,4829960408400965,Seulggomi,2022-10-29 17:29:20,#广州疫情#卫健委又发癫 ,0,0,10
16,4829960377991424,橘子你个奥润汁,2022-10-29 17:29:12,#滕州疫情#三天三天又三天，居家隔离第九天，门上封条再三天，到底还得封几天？ ,0,2,1
16,4829960373536186,鱼儿米儿,2022-10-29 17:29:12,陪妈妈治病，被疫情困在了医院🏥难得这么清净～一切听大白指挥～愿我们共同努力换的这以后的岁月静好疫情困的我～不成魔就成佛#今日边框打卡##plog##就这一刻# 郑州·新郑市公立人民医院 ,0,1,0
16,4829960365932640,LeeX04,2022-10-29 17:29:09,今天和我妈说老钟要是不放开的话这疫情就一直没完没了 我妈说放开了他们去哪挣钱 我问谁 她说穿白衣服的那些呗… ,0,3,2
16,4829960357282117,·璃尔·想要好多钱,2022-10-29 17:29:07,今天教资科二真的好多人没来 来了的要么就睡觉 到点交卷子的时候我看到好多人都是空的 可能真的是因为疫情 ,0,0,0
16,4829960340245796,福运绵绵绵,2022-10-29 17:29:04,#郑州疫情#姐妹们，避雷美团上的一家店。 ,0,0,1
17,4829960605010342,snniiyc,2022-10-29 17:30:07,深蓝色就是最帅的好不容易的双休被疫情耽搁了 还要回学校做核酸P8冒死不穿校服回学校做核酸 手提一袋校服以防万一 ,0,0,1
17,4829960596100732,女孤独者,2022-10-29 17:30:05,#疫情#今日打卡，终于拍到跑步机的数据了#运动#话说今日阳光如此美好，我却被“关起来”,0,0,0
17,4829960588232318,包头交警,2022-10-29 17:30:03,【#跟着总书记看中国# | 生命至上】生命健康，是幸福生活的基础。从抗击新冠肺炎疫情到防灾减灾救灾，从深化医药卫生体制改革到打造人类卫生健康共同体，让我们跟着总书记的脚步，记录“生命至上”的那些温暖瞬间。#千家万户的事#（人民网）人民网的微博视频 ,0,0,0
17,4829960579059925,是大河,2022-10-29 17:30:01,#郑州疫情# 封控第16天…… ,0,0,0
17,4829960575910787,爱吃葡萄的蓝莓,2022-10-29 17:30:00,#广州疫情#我妈妈准备屯菜了 ,0,0,0
17,4829960563065808,十级自恋患者,2022-10-29 17:29:57,#张家口疫情#不得好死的人是谁啊 发都发不出去 ,0,0,3
17,4829960529248303,MD_熬鹰弟子邬姐儿,2022-10-29 17:29:48,枣庄薛城城市静默开始了，超市菜品抢购一空……愿疫情早日过去，山河无恙，人间皆安🙏🙏 ,0,0,0
17,4829960512998727,大红红蝴蝶公主a-,2022-10-29 17:29:45,#曲阜疫情##邹城疫情# 什么时候能回曲阜什么时候能回曲阜什么时候能回曲阜什么时候能回曲阜 我被封邹城学校里十一天了 衣服都快洗烂了 今天这个天我都只能穿破洞裤 别的衣服穿太久了臭了都 俺想好回家找妈妈 为什么本地的派车送回家啊 ,0,2,4
17,4829960508545344,Lonely-L,2022-10-29 17:29:44,你我都要平安才好#疫情##护士# ,0,0,1
18,4829960408400965,Seulggomi,2022-10-29 17:29:20,#广州疫情#卫健委又发癫 ,0,0,10
18,4829960407093207,Cow_horse,2022-10-29 17:29:20,这场疫情战将要接近尾声啦玉林,0,1,1
18,4829960374325956,kaleidoscopeice,2022-10-29 17:29:12,这b疫情没完没了是吧航班还不开通说好11.1号开通结果你给我整这？,0,0,0
18,4829960373536186,鱼儿米儿,2022-10-29 17:29:12,陪妈妈治病，被疫情困在了医院🏥难得这么清净～一切听大白指挥～愿我们共同努力换的这以后的岁月静好疫情困的我～不成魔就成佛#今日边框打卡##plog##就这一刻# 郑州·新郑市公立人民医院 ,0,1,0
18,4829960365932640,LeeX04,2022-10-29 17:29:09,今天和我妈说老钟要是不放开的话这疫情就一直没完没了 我妈说放开了他们去哪挣钱 我问谁 她说穿白衣服的那些呗… ,0,3,2
18,4829960357282117,·璃尔·想要好多钱,2022-10-29 17:29:07,今天教资科二真的好多人没来 来了的要么就睡觉 到点交卷子的时候我看到好多人都是空的 可能真的是因为疫情 ,0,0,0
18,4829960340245796,福运绵绵绵,2022-10-29 17:29:04,#郑州疫情#姐妹们，避雷美团上的一家店。 ,0,0,1
18,4829960323204206,滨海发布,2022-10-29 17:29:00,这场疫情战将要接近尾声啦玉林,0,1,0
18,4829960193705771,Vector数字,2022-10-29 17:28:29,#郑州疫情# ,0,1,4
18,4829960181908571,Atmastag,2022-10-29 17:28:26,221027 Elite club大趴体，感觉疫情以来很久没看到这么热闹的聚会了。第七季的新人也来了。Aron也来了呢可惜宝宝和Martina &amp; Pol都没参加🙃（不然，还能看到Omander合体 Atmastag的微博视频 ,0,0,0
19,4829960034849951,张咪_mm,2022-10-29 17:27:51,#愿疫情早日散去#  神奇的一天，进了城，见了赵先生，回到家坏掉的网络也恢复了。谢谢大家对我的关心，一个人的日子我都有在好好生活，好好照顾自己。一切都会好的 ,0,0,0
19,4829960034845804,超乖的小财迷e,2022-10-29 17:27:51,疫情退退退快递快点通,0,0,2
19,4829959988710889,Space饮水,2022-10-29 17:27:40,西安多个区域出现问题了。据悉，昨晚西安多个小区疑似出现确诊或者密接人员，目前正在紧急核酸复测中。另外，听说长延堡某个小区似乎又出问题了，有朋友知道具体情况吗？#西安本地##西安疫情##西安##疫情# ,0,3,4
19,4829959912690215,·鹿屿川幽·,2022-10-29 17:27:22,感觉因为疫情死的人还没有因为防疫死的人多,0,0,5
19,4829955281652382,o尛茗銅學o,2022-10-29 17:08:58,疫情退退退快递快点通,0,6,18
19,4829959829586313,中国青年报,2022-10-29 17:27:02,西安多个区域出现问题了。据悉，昨晚西安多个小区疑似出现确诊或者密接人员，目前正在紧急核酸复测中。另外，听说长延堡某个小区似乎又出问题了，有朋友知道具体情况吗？#西安本地##西安疫情##西安##疫情#,2,3,5
19,4829959821198214,素质看世界,2022-10-29 17:27:00,#郑州疫情#港区的大街上看到好几波步行回家的？是想让人们回到19x2吗？真是替富士康的员工们感到失望。 ,1,2,11
19,4829959799967954,高坪播报,2022-10-29 17:26:55,【#南充警方紧急提醒# 假的！假的！！假的！！！】近期，南充市市民陆续收到以下信息，诈骗分子利用疫情特殊情况，实施电信网络诈骗。（来源：嘉陵公安） ,0,0,0
19,4829959794725667,加菲木有猫,2022-10-29 17:26:54,#郑州疫情# 疑似西华致富士康员工的一封信 ,1,1,11
20,4829959682786853,Lifesaver救命稻草,2022-10-29 17:26:27,2020年4月30日，我第一时间冲回孝感和我的好朋友们过了解封后第一个生日，开学前的一个多月，和他们疯狂旷网课、滑板、涂鸦，在街上闲逛，认识了许多新朋友，体验到了真正的爱情，经历了疫情带来的恐惧，不安，焦虑，我想只有爱能治愈.两年后，高考完，我们似乎又得到了类似记忆中的自由，但不知不觉中，二零年的五月盛夏变得不可替代，令我庆幸的是爱仍在。分享单曲五月盛夏SummerInMay(@网易云音乐),0,0,1
20,4829959602308794,念秀珍,2022-10-29 17:26:08,#新乡疫情# 真棒，我想举报他们 ,0,2,0
20,4829959597853937,智商250一下不要关注我,2022-10-29 17:26:07,我给大家算个帐，TW昨天一天死亡76人，SH平均每天死亡四百人，这两个城市人口总数差不多相当，看似数据比较大，可这76人不会持续一年，随着疫情发展，会逐渐减少。死去的绝大部分会是那些本来基本上遇到其他事情冲击一下也会离去的基本上躺在病床上的人，经济上不会给社会与家庭增加负担，伦理上家人会比较伤心但是这是必走的一天也差不多到时候了。如果按现在这种政策继续下去，经济造成的损失会给多少家庭造成大的困难？这三年的生活都没了吧,0,0,0
20,4829959589464996,孙大头ss,2022-10-29 17:26:05,#临沂疫情#报名志愿者了，但依旧没轮到我们小区发菜，天天看人家朋友圈收菜 ,0,0,1
20,4829951897370685,芒芒果Mmgo,2022-10-29 16:55:30,#郑州疫情# 心里若有光，人间亮堂堂。慢品人间烟火，闲观万事岁月，眼角时常带笑，悲伤不染眉梢…… ,2,0,20
20,4829952304748449,会努力2022,2022-10-29 16:57:08,#兰州疫情# 看了这篇文，我有罪啊感觉是在cpu我 ,0,23,27
20,4829959514227156,今天也是想自闭的一天_,2022-10-29 17:25:46,我现在这个生活和种地有什么区别日出而作日落而归#兰州疫情# 兰州·和平十子 ,0,0,1
20,4829959505575983,stacie__,2022-10-29 17:25:44,一个月只有四个周末还可能突然加班、值班可能生病，家人有事，家里有事，天气突变，疫情突发…还要打扫卫生，收拾房间…转眼一个季节就过去，一年就过去了所以，想去的地方，想做的事情抓紧时间去做吧 ,0,0,0
